epoch,acc,loss,val_acc,val_loss
0,0.34728931830381105,1.483554827530283,0.3948497854077253,1.3633972287433853
1,0.4245840042941492,1.308266996761451,0.43991416309012876,1.3178998494097092
