epoch,acc,loss,val_acc,val_loss
0,0.3680820610687023,1.3667929948854993,0.4034334763948498,1.3676916415855096
1,0.4527671755725191,1.24317509065196,0.4291845493562232,1.303472459636021
