epoch,acc,loss,val_acc,val_loss
0,0.36331569664902996,10.251155790618277,0.3888888888888889,9.849947233994802
1,0.36419753086419754,10.247924895198256,0.3888888888888889,9.849947233994802
